<?xml version="1.0" encoding="UTF-8"?>
<!DOCTYPE mapper PUBLIC "-//mybatis.org//DTD Mapper 3.0//EN" "http://mybatis.org/dtd/mybatis-3-mapper.dtd">
<mapper namespace="com.goaway.mapper.LikeMapper">
    <resultMap id="BaseResultMap" type="com.goaway.entity.Gw_comment_like">
        <id column="id" jdbcType="INTEGER" property="id" />
        <result column="commentId" jdbcType="INTEGER" property="commentId" />
        <result column="userId" jdbcType="INTEGER" property="userId" />
    </resultMap>
    <!--插入点赞信息-->
    <insert id="addLike" parameterType="com.goaway.entity.Gw_comment_like">
        insert into gw_comment_like(commentId,userId)values(#{commentId},#{userId});
        update gw_notice_comment SET likeNumber=(select count(id) from gw_comment_like where commentId=#{commentId}) where id=#{commentId};
    </insert>
    <!--取消点赞/删除点赞-->
    <delete id="deleteLike" parameterType="com.goaway.entity.Gw_comment_like">
        delete from gw_comment_like where commentId=#{commentId} and userId=#{userId};
        update gw_notice_comment SET likeNumber=(select count(id) from gw_comment_like where commentId=#{commentId}) where id=#{commentId};
    </delete>
   <!--判断是否有该用户的点赞信息-->
    <select id="queryLikeByCommentIdAndUserId" resultMap="BaseResultMap">
        select * from gw_comment_like where commentId=#{commentId} and userId=#{userId};
    </select>
</mapper>